{"created_t": "int32", "last_modified_t": "int32", "cities": "float32", "allergens_en": "float32", "serving_quantity": "float32", "no_nutriments": "float32", "additives_n": "float32", "ingredients_from_palm_oil_n": "float32", "ingredients_from_palm_oil": "float32", "ingredients_that_may_be_from_palm_oil_n": "float32", "ingredients_that_may_be_from_palm_oil": "float32", "nova_group": "float32", "energy_100g": "float32", "energy-from-fat_100g": "float32", "fat_100g": "float32", "saturated-fat_100g": "float32", "-butyric-acid_100g": "float32", "-caproic-acid_100g": "float32", "-caprylic-acid_100g": "float32", "-capric-acid_100g": "float32", "-lauric-acid_100g": "float32", "-myristic-acid_100g": "float32", "-palmitic-acid_100g": "float32", "-stearic-acid_100g": "float32", "-arachidic-acid_100g": "float32", "-behenic-acid_100g": "float32", "-lignoceric-acid_100g": "float32", "-cerotic-acid_100g": "float32", "-montanic-acid_100g": "float32", "-melissic-acid_100g": "float32", "monounsaturated-fat_100g": "float32", "polyunsaturated-fat_100g": "float32", "omega-3-fat_100g": "float32", "-alpha-linolenic-acid_100g": "float32", "-eicosapentaenoic-acid_100g": "float32", "-docosahexaenoic-acid_100g": "float32", "omega-6-fat_100g": "float32", "-linoleic-acid_100g": "float32", "-arachidonic-acid_100g": "float32", "-gamma-linolenic-acid_100g": "float32", "-dihomo-gamma-linolenic-acid_100g": "float32", "omega-9-fat_100g": "float32", "-oleic-acid_100g": "float32", "-elaidic-acid_100g": "float32", "-gondoic-acid_100g": "float32", "-mead-acid_100g": "float32", "-erucic-acid_100g": "float32", "-nervonic-acid_100g": "float32", "trans-fat_100g": "float32", "cholesterol_100g": "float32", "carbohydrates_100g": "float32", "sugars_100g": "float32", "-sucrose_100g": "float32", "-glucose_100g": "float32", "-fructose_100g": "float32", "-lactose_100g": "float32", "-maltose_100g": "float32", "-maltodextrins_100g": "float32", "starch_100g": "float32", "polyols_100g": "float32", "fiber_100g": "float32", "proteins_100g": "float32", "casein_100g": "float32", "serum-proteins_100g": "float32", "nucleotides_100g": "float32", "salt_100g": "float32", "sodium_100g": "float32", "alcohol_100g": "float32", "vitamin-a_100g": "float32", "beta-carotene_100g": "float32", "vitamin-d_100g": "float32", "vitamin-e_100g": "float32", "vitamin-k_100g": "float32", "vitamin-c_100g": "float32", "vitamin-b1_100g": "float32", "vitamin-b2_100g": "float32", "vitamin-pp_100g": "float32", "vitamin-b6_100g": "float32", "vitamin-b9_100g": "float32", "folates_100g": "float32", "vitamin-b12_100g": "float32", "biotin_100g": "float32", "pantothenic-acid_100g": "float32", "silica_100g": "float32", "bicarbonate_100g": "float32", "potassium_100g": "float32", "chloride_100g": "float32", "calcium_100g": "float32", "phosphorus_100g": "float32", "iron_100g": "float32", "magnesium_100g": "float32", "zinc_100g": "float32", "copper_100g": "float32", "manganese_100g": "float32", "fluoride_100g": "float32", "selenium_100g": "float32", "chromium_100g": "float32", "molybdenum_100g": "float32", "iodine_100g": "float32", "caffeine_100g": "float32", "taurine_100g": "float32", "ph_100g": "float32", "fruits-vegetables-nuts_100g": "float32", "fruits-vegetables-nuts-dried_100g": "float32", "fruits-vegetables-nuts-estimate_100g": "float32", "collagen-meat-protein-ratio_100g": "float32", "cocoa_100g": "float32", "chlorophyl_100g": "float32", "carbon-footprint_100g": "float32", "carbon-footprint-from-meat-or-fish_100g": "float32", "nutrition-score-fr_100g": "float32", "nutrition-score-uk_100g": "float32", "glycemic-index_100g": "float32", "water-hardness_100g": "float32", "choline_100g": "float32", "phylloquinone_100g": "float32", "beta-glucan_100g": "float32", "inositol_100g": "float32", "carnitine_100g": "float32"}